source,artist,title,spotify_artist,spotify_title,spotify_uri,spotify_url,confidence,status,osu_beatmapset_url
local,TK from 凛として時雨,katharsis (TV Size),TK from Ling tosite sigure,katharsis,spotify:track:7MtpXnAhLKdkXjoFaK95TB,https://open.spotify.com/track/7MtpXnAhLKdkXjoFaK95TB,100.0,matched,https://osu.ppy.sh/beatmapsets/861289
local,Foreground Eclipse,Storytellers,Foreground Eclipse,Storytellers,spotify:track:4dLNyPz58eSwVQz6K1JmDQ,https://open.spotify.com/track/4dLNyPz58eSwVQz6K1JmDQ,100.0,matched,https://osu.ppy.sh/beatmapsets/220512
local,Icon For Hire,Make a Move (Speed Up Ver.),Icon For Hire,Make A Move,spotify:track:0FtD1ZukwCnuTfTNuwxrQM,https://open.spotify.com/track/0FtD1ZukwCnuTfTNuwxrQM,100.0,matched,https://osu.ppy.sh/beatmapsets/765778
local,Demi Lovato,Sorry Not Sorry (Rock Ver.) (Nightcore & Cut Ver.),Demi Lovato,Sorry Not Sorry,spotify:track:0yvPEnB032fojLfVluFjUv,https://open.spotify.com/track/0yvPEnB032fojLfVluFjUv,100.0,matched,https://osu.ppy.sh/beatmapsets/2449469
local,Ado,唱,Ado,Show,spotify:track:3K4gshVxh3IBi7XRhKZcp8,https://open.spotify.com/track/3K4gshVxh3IBi7XRhKZcp8,100.0,matched,https://osu.ppy.sh/beatmapsets/2077229
local,田村ゆかり,MERRY MERRY MERRY MENU…ね！,Yukari Tamura,MERRY MERRY MERRY MENU･･･ね!,spotify:track:31c5UYZ4RpGYIMAV2m5x9F,https://open.spotify.com/track/31c5UYZ4RpGYIMAV2m5x9F,90.0,matched,https://osu.ppy.sh/beatmapsets/1321235
local,Pegboard Nerds,Gunslinga (feat. MC Mota),"Pegboard Nerds, MC Mota",Gunslinga,spotify:track:1vKWGVybCJaIDWlqZWJZAc,https://open.spotify.com/track/1vKWGVybCJaIDWlqZWJZAc,92.22,matched,https://osu.ppy.sh/beatmapsets/1234094
local,xi,FREEDOM DiVE↓,XI,Freedom Dive,spotify:track:1DUA8KW4Fes6qfSlNJqvwj,https://open.spotify.com/track/1DUA8KW4Fes6qfSlNJqvwj,100.0,matched,https://osu.ppy.sh/beatmapsets/147210
local,Simple Plan,You Suck At Love (Speed Up Ver.),Simple Plan,You Suck at Love,spotify:track:2khCn0FtcHpiOPRchJxjfs,https://open.spotify.com/track/2khCn0FtcHpiOPRchJxjfs,100.0,matched,https://osu.ppy.sh/beatmapsets/819112
local,THE ORAL CIGARETTES,ERASE,THE ORAL CIGARETTES,ERASE,spotify:track:5Drv786v9viM5BxXZrCOqM,https://open.spotify.com/track/5Drv786v9viM5BxXZrCOqM,100.0,matched,https://osu.ppy.sh/beatmapsets/2491045
local,The Beaches,Blame Brett (Sped Up Ver.),The Beaches,Blame Brett,spotify:track:6twjuBZfRJIZnoHrghzWLk,https://open.spotify.com/track/6twjuBZfRJIZnoHrghzWLk,100.0,matched,https://osu.ppy.sh/beatmapsets/2505860
local,鈴木このみ,Redo,Konomi Suzuki,Redo,spotify:track:0WjYHf18yTqGEQjLRHLNWp,https://open.spotify.com/track/0WjYHf18yTqGEQjLRHLNWp,100.0,matched,https://osu.ppy.sh/beatmapsets/437055
local,xi,Blue Zenith,XI,Blue Zenith,spotify:track:2lXiRhhafki86YraonFc3k,https://open.spotify.com/track/2lXiRhhafki86YraonFc3k,100.0,matched,https://osu.ppy.sh/beatmapsets/292301
local,Cö shu Nie,asphyxia,Cö shu Nie,asphyxia,spotify:track:580qJSHKIXsxUAjKO1Bhb1,https://open.spotify.com/track/580qJSHKIXsxUAjKO1Bhb1,100.0,matched,https://osu.ppy.sh/beatmapsets/895512
local,Stonebank,Stronger (feat. EMEL),"Stonebank, EMEL",Stronger,spotify:track:6HCmuewveUWxu30HSCsWk5,https://open.spotify.com/track/6HCmuewveUWxu30HSCsWk5,92.39,matched,https://osu.ppy.sh/beatmapsets/273711
local,SPYAIR,RAGE OF DUST (TV SIZE),SPYAIR,RAGE OF DUST,spotify:track:3FFwqObYnWssn7JD4WaK7k,https://open.spotify.com/track/3FFwqObYnWssn7JD4WaK7k,100.0,matched,https://osu.ppy.sh/beatmapsets/2437172
local,感覚ピエロ,ハルカミライ (TV Size),KANKAKU PIERO,Harukamirai,spotify:track:2vDPSojrX4aL7aiCPD7kja,https://open.spotify.com/track/2vDPSojrX4aL7aiCPD7kja,97.17,matched,https://osu.ppy.sh/beatmapsets/750743
local,SERRA,EYERIS (Re:Mix),"SERRA, 中谷浩平",EYERIS (Re:Mix),spotify:track:0lhMaHKq43RL1x39InpSCV,https://open.spotify.com/track/0lhMaHKq43RL1x39InpSCV,100.0,matched,https://osu.ppy.sh/beatmapsets/2464263
local,Children Of Bodom,Tie My Rope,Children Of Bodom,Tie My Rope,spotify:track:1AMpos40w20vf80OwGo6s8,https://open.spotify.com/track/1AMpos40w20vf80OwGo6s8,100.0,matched,https://osu.ppy.sh/beatmapsets/1073487
local,LiSA,crossing field,LiSA,crossing field,spotify:track:4BvuZVf9KyBN3QiPfeI9hw,https://open.spotify.com/track/4BvuZVf9KyBN3QiPfeI9hw,100.0,matched,https://osu.ppy.sh/beatmapsets/68500
local,倖田來未,Guess Who Is Back (TV Size),Kumi Koda,Guess Who Is Back,spotify:track:4lBliLm5ufCBNPlCzpvrQB,https://open.spotify.com/track/4lBliLm5ufCBNPlCzpvrQB,100.0,matched,https://osu.ppy.sh/beatmapsets/906786
local,ちゃんみな,ボイスメモ No.5,CHANMINA,Voice Memo No. 5,spotify:track:02OvOau7SB9kImc7vyxiJT,https://open.spotify.com/track/02OvOau7SB9kImc7vyxiJT,100.0,matched,https://osu.ppy.sh/beatmapsets/1255845
local,Reol,No title,Reol,No title,spotify:track:5pZVsZ8TOGly1KnYFmZ61B,https://open.spotify.com/track/5pZVsZ8TOGly1KnYFmZ61B,100.0,matched,https://osu.ppy.sh/beatmapsets/320118
local,Grand Thaw,Äventyr,"Rigël Theatre, Grand Thaw",Äventyr (feat. Grand Thaw),spotify:track:6w3MlIg2wb0dInO1ZMaWqm,https://open.spotify.com/track/6w3MlIg2wb0dInO1ZMaWqm,85.59,matched,https://osu.ppy.sh/beatmapsets/2423092
local,ツユ,ルーザーガール,TUYU,Loser Girl,spotify:track:4JrL3SMc7BvmxneLl4hmEA,https://open.spotify.com/track/4JrL3SMc7BvmxneLl4hmEA,100.0,matched,https://osu.ppy.sh/beatmapsets/1333508
local,YUI,again,YUI,again,spotify:track:4OQq1bcP12GQQXJNupxqfR,https://open.spotify.com/track/4OQq1bcP12GQQXJNupxqfR,100.0,matched,https://osu.ppy.sh/beatmapsets/623911
local,PUP,DVP,PUP,DVP,spotify:track:5YZ6H4r7vjHa6V1fSqiDst,https://open.spotify.com/track/5YZ6H4r7vjHa6V1fSqiDst,100.0,matched,https://osu.ppy.sh/beatmapsets/1203098
local,Demi Lovato,Heart Attack (Rock Ver.) (Nightcore & Cut Ver.),Demi Lovato,Heart Attack,spotify:track:1V6gIisPpYqgFeWbMLI0bA,https://open.spotify.com/track/1V6gIisPpYqgFeWbMLI0bA,100.0,matched,https://osu.ppy.sh/beatmapsets/2428693
local,THE ORAL CIGARETTES,5150,THE ORAL CIGARETTES,5150,spotify:track:4YNDBS9KbqJT4nr9uGp8jc,https://open.spotify.com/track/4YNDBS9KbqJT4nr9uGp8jc,100.0,matched,https://osu.ppy.sh/beatmapsets/705655
local,THE ORAL CIGARETTES,狂乱 Hey Kids!!,THE ORAL CIGARETTES,Kyouran Hey Kids!!,spotify:track:5NfPjjpfNsodIepI8NpKKR,https://open.spotify.com/track/5NfPjjpfNsodIepI8NpKKR,100.0,matched,https://osu.ppy.sh/beatmapsets/371118
local,xi,Blue Zenith (Cut Ver.),XI,Blue Zenith,spotify:track:2lXiRhhafki86YraonFc3k,https://open.spotify.com/track/2lXiRhhafki86YraonFc3k,100.0,matched,https://osu.ppy.sh/beatmapsets/1737645
local,MYLK,Daydreamer,MYLK,Daydreamer,spotify:track:79wRYeg32DVkKPP9KmPFmI,https://open.spotify.com/track/79wRYeg32DVkKPP9KmPFmI,100.0,matched,https://osu.ppy.sh/beatmapsets/1087638
local,大森靖子,JUSTadICE (TV Size),Seiko Oomori,JUSTadICE,spotify:track:6IVM1YYZq6K6NG6qqC26o4,https://open.spotify.com/track/6IVM1YYZq6K6NG6qqC26o4,100.0,matched,https://osu.ppy.sh/beatmapsets/950289
local,Paramore,Still Into You (Nightcore & Cut Ver.),Paramore,Still into You,spotify:track:1yjY7rpaAQvKwpdUliHx0d,https://open.spotify.com/track/1yjY7rpaAQvKwpdUliHx0d,100.0,matched,https://osu.ppy.sh/beatmapsets/2499570
local,Tarkan,Şımarık,Tarkan,Şımarık,spotify:track:6vEL7E8TGzrxuxbrgdlkLL,https://open.spotify.com/track/6vEL7E8TGzrxuxbrgdlkLL,89.17,matched,https://osu.ppy.sh/beatmapsets/1255746
local,SENEZ,Misplaced Shadow,SENEZ,Misplaced Shadow,spotify:track:1wjYAUc72uaaStdXYbJzB2,https://open.spotify.com/track/1wjYAUc72uaaStdXYbJzB2,100.0,matched,https://osu.ppy.sh/beatmapsets/115729
local,luvlxckdown,tbh i dont like being social,luvlxckdown,tbh i dont like being social,spotify:track:1DcYLTVABrX4HIVEaQnZeW,https://open.spotify.com/track/1DcYLTVABrX4HIVEaQnZeW,100.0,matched,https://osu.ppy.sh/beatmapsets/1557097
local,ONE OK ROCK,アンサイズニア,ONE OK ROCK,Answer Is Near,spotify:track:0cVc6eheUKQRYNnbevUHxJ,https://open.spotify.com/track/0cVc6eheUKQRYNnbevUHxJ,100.0,matched,https://osu.ppy.sh/beatmapsets/1315285
local,天神子兎音,PUNISHMENT,Kotone,PUNISHMENT,spotify:track:7bIItYuP9mrM7Ust0C3uuS,https://open.spotify.com/track/7bIItYuP9mrM7Ust0C3uuS,100.0,matched,https://osu.ppy.sh/beatmapsets/1352054
local,ONE OK ROCK,Bombs away,ONE OK ROCK,Bombs Away,spotify:track:6fYnCv7uovk7dzdpxYOHDE,https://open.spotify.com/track/6fYnCv7uovk7dzdpxYOHDE,100.0,matched,https://osu.ppy.sh/beatmapsets/737128
local,Set It Off,Horrible Kids,Set It Off,Horrible Kids,spotify:track:6p55bkwk9a7nq8UoTG4Bxt,https://open.spotify.com/track/6p55bkwk9a7nq8UoTG4Bxt,100.0,matched,https://osu.ppy.sh/beatmapsets/1249048
local,happy30,You spin my world,Happy30,You spin my world,spotify:track:6B0mNLZUnFetKLANIngdHj,https://open.spotify.com/track/6B0mNLZUnFetKLANIngdHj,100.0,matched,https://osu.ppy.sh/beatmapsets/1933822
local,Akts,Enchanted Realm,Akts,Enchanted Realm,spotify:track:7737fKj6GXNH2T23t4OCGG,https://open.spotify.com/track/7737fKj6GXNH2T23t4OCGG,100.0,matched,https://osu.ppy.sh/beatmapsets/2524853
local,れをる,MONSTER,Reol,MONSTER,spotify:track:6zoNHckACUOGj2bERXgmnw,https://open.spotify.com/track/6zoNHckACUOGj2bERXgmnw,100.0,matched,https://osu.ppy.sh/beatmapsets/366440
local,Ke$ha,Backstabber (Sped Up & Cut Ver.),Kesha,Backstabber,spotify:track:4GRFzKI7jTZ3kbMfouc7bn,https://open.spotify.com/track/4GRFzKI7jTZ3kbMfouc7bn,93.0,matched,https://osu.ppy.sh/beatmapsets/1217044
local,GIRLFRIEND,sky & blue (TV Size),GIRLFRIEND,sky & blue,spotify:track:1AZKHiqBKfdBxVcWUnJJUj,https://open.spotify.com/track/1AZKHiqBKfdBxVcWUnJJUj,100.0,matched,https://osu.ppy.sh/beatmapsets/1015463
local,드림캐쳐,GOOD NIGHT,Dreamcatcher,GOOD NIGHT,spotify:track:5zhuhNkILzHm585h104JlI,https://open.spotify.com/track/5zhuhNkILzHm585h104JlI,100.0,matched,https://osu.ppy.sh/beatmapsets/603905
local,Fireflight,Unbreakable (Sped Up Ver.),Fireflight,Unbreakable,spotify:track:6M9vEm3Cy3PHr3QkXRX6x3,https://open.spotify.com/track/6M9vEm3Cy3PHr3QkXRX6x3,100.0,matched,https://osu.ppy.sh/beatmapsets/853493
local,THE ORAL CIGARETTES,5150,THE ORAL CIGARETTES,5150,spotify:track:4YNDBS9KbqJT4nr9uGp8jc,https://open.spotify.com/track/4YNDBS9KbqJT4nr9uGp8jc,100.0,matched,https://osu.ppy.sh/beatmapsets/818778
local,大森靖子,JUSTadICE,Seiko Oomori,JUSTadICE,spotify:track:6IVM1YYZq6K6NG6qqC26o4,https://open.spotify.com/track/6IVM1YYZq6K6NG6qqC26o4,100.0,matched,https://osu.ppy.sh/beatmapsets/1230998
local,Bentham,Chicago,Bentham,Chicago,spotify:track:6Ubl27JewGxzBJSks5nt1K,https://open.spotify.com/track/6Ubl27JewGxzBJSks5nt1K,100.0,matched,https://osu.ppy.sh/beatmapsets/1187933
local,ポルノグラフィティ,THE DAY,PornoGraffitti,THE DAY,spotify:track:1tjOClAkdMxDfYPO0xvGbG,https://open.spotify.com/track/1tjOClAkdMxDfYPO0xvGbG,86.72,matched,https://osu.ppy.sh/beatmapsets/459293
local,ViViD,光-HIKARI- (TV Size),Vivid,光-HIKARI-,spotify:track:5Vmha5gd1H4CinvlwkHX7J,https://open.spotify.com/track/5Vmha5gd1H4CinvlwkHX7J,90.71,matched,https://osu.ppy.sh/beatmapsets/1053509
local,ビッケブランカ,Black Rover (TV Size),VK Blanka,Black Rover,spotify:track:0OGw7V8wAI6OsZIQ12JkTP,https://open.spotify.com/track/0OGw7V8wAI6OsZIQ12JkTP,86.0,matched,https://osu.ppy.sh/beatmapsets/781509
local,Mrs. GREEN APPLE,僕のこと,Mrs. GREEN APPLE,Bokuno Koto,spotify:track:2MFe0ypQD4in816KRi05Mx,https://open.spotify.com/track/2MFe0ypQD4in816KRi05Mx,85.87,matched,https://osu.ppy.sh/beatmapsets/1021542
local,DECO*27,ゴーストルール,DECO*27,Ghost Rule,spotify:track:1OAp6qN5KmoGUQ2edICKsC,https://open.spotify.com/track/1OAp6qN5KmoGUQ2edICKsC,100.0,matched,https://osu.ppy.sh/beatmapsets/413117
local,ビッケブランカ,Black Catcher,VK Blanka,Black Catcher,spotify:track:5RXmLhscstsdvWPN0XtUa0,https://open.spotify.com/track/5RXmLhscstsdvWPN0XtUa0,86.0,matched,https://osu.ppy.sh/beatmapsets/1100608
local,Mrs. GREEN APPLE,StaRt,Mrs. GREEN APPLE,StaRt,spotify:track:0ubEkvxVE1Sh4QTBN6b92a,https://open.spotify.com/track/0ubEkvxVE1Sh4QTBN6b92a,100.0,matched,https://osu.ppy.sh/beatmapsets/1135798
local,蒼月エリ,蒼い蝶,Eli Sougetsu,Aoi Chou,spotify:track:38ZqCGEYeIqcaVfKxF8Q91,https://open.spotify.com/track/38ZqCGEYeIqcaVfKxF8Q91,100.0,matched,https://osu.ppy.sh/beatmapsets/1610224
local,Ricky Martin,Livin' La Vida Loca (Spanish Version),Ricky Martin,Livin' la Vida Loca,spotify:track:0Ph6L4l8dYUuXFmb71Ajnd,https://open.spotify.com/track/0Ph6L4l8dYUuXFmb71Ajnd,100.0,matched,https://osu.ppy.sh/beatmapsets/1337085
local,米津玄師,KICK BACK (TV Size),Kenshi Yonezu,KICK BACK,spotify:track:5PA3UIrEhG16UoQIj1fvlw,https://open.spotify.com/track/5PA3UIrEhG16UoQIj1fvlw,100.0,matched,https://osu.ppy.sh/beatmapsets/1864461
local,Razihel & Virtual Riot,"One For All, All For One","Razihel, Virtual Riot","One For All, All For One",spotify:track:2KjwhTPoAFH1DG9UrWjYMZ,https://open.spotify.com/track/2KjwhTPoAFH1DG9UrWjYMZ,98.33,matched,https://osu.ppy.sh/beatmapsets/275655
local,ゆある,アスノヨゾラ哨戒班,Yuaru,Asu no Yozora Shoukaihan,spotify:track:568kOjebZdPdV7nCVMLySP,https://open.spotify.com/track/568kOjebZdPdV7nCVMLySP,100.0,matched,https://osu.ppy.sh/beatmapsets/384772
local,放課後ティータイム,キラキラ Days,Ho - Kago Tea Time,Kirakira Days,spotify:track:3FbAbMs3dRcRnNuu73jqhN,https://open.spotify.com/track/3FbAbMs3dRcRnNuu73jqhN,93.47,matched,https://osu.ppy.sh/beatmapsets/444335
local,UNDEAD CORPORATION,Everything will freeze,UNDEAD CORPORATION,Everything Will Freeze II,spotify:track:43bmsXl45mIBaczRniq5Wq,https://open.spotify.com/track/43bmsXl45mIBaczRniq5Wq,95.85,matched,https://osu.ppy.sh/beatmapsets/158023
local,LiSA,ADAMAS (TV Size),LiSA,ADAMAS,spotify:track:6RpBs7BsS9oiHKtzJXsMOS,https://open.spotify.com/track/6RpBs7BsS9oiHKtzJXsMOS,100.0,matched,https://osu.ppy.sh/beatmapsets/859608
local,陈致逸 @HOYO-MiX,麟跃幽岩,"Yu-Peng Chen, HOYO-MiX",Qilin's Prance,spotify:track:4gJy5K85glxZFufZQFeR8D,https://open.spotify.com/track/4gJy5K85glxZFufZQFeR8D,91.05,matched,https://osu.ppy.sh/beatmapsets/1662072
local,m-flo loves MONKEY MAJIK,Picture Perfect Love,"m-flo loves MONKEY MAJIK, Monkey Majik",Picture Perfect Love,spotify:track:3PHVXMuoAEeAykSL38SmlY,https://open.spotify.com/track/3PHVXMuoAEeAykSL38SmlY,92.54,matched,https://osu.ppy.sh/beatmapsets/2363271
local,Drake,Nice For What,Drake,Nice For What,spotify:track:3CA9pLiwRIGtUBiMjbZmRw,https://open.spotify.com/track/3CA9pLiwRIGtUBiMjbZmRw,100.0,matched,https://osu.ppy.sh/beatmapsets/873829
local,Take Us To Vegas,For The Love Of The Game,Take Us To Vegas,For the Love of the Game,spotify:track:5F9lDg7eV6u9GsjLcCZRlp,https://open.spotify.com/track/5F9lDg7eV6u9GsjLcCZRlp,100.0,matched,https://osu.ppy.sh/beatmapsets/2359185
local,Origami Angel,The Title Track,Origami Angel,The Title Track,spotify:track:6hd9PsMDYaBEkQOjq6F3XH,https://open.spotify.com/track/6hd9PsMDYaBEkQOjq6F3XH,100.0,matched,https://osu.ppy.sh/beatmapsets/1396156
local,Eve,あの娘シークレット,Eve,Anoko secret,spotify:track:67gYAheGPb06KwCkuAaHbF,https://open.spotify.com/track/67gYAheGPb06KwCkuAaHbF,100.0,matched,https://osu.ppy.sh/beatmapsets/855906
local,Crush 40,I Am... All Of Me (Game Ver.),Crush 40,I Am... All Of Me,spotify:track:4slBHMsULWSDtG2hspyTC8,https://open.spotify.com/track/4slBHMsULWSDtG2hspyTC8,100.0,matched,https://osu.ppy.sh/beatmapsets/819347
local,Krewella,Say Goodbye (Nightcore & Cut Ver.),Krewella,Say Goodbye,spotify:track:2Hlfm48wmDNFHTZM7qqEWV,https://open.spotify.com/track/2Hlfm48wmDNFHTZM7qqEWV,100.0,matched,https://osu.ppy.sh/beatmapsets/1049899
local,Cascada,Miracle (Nightcore & Cut Ver.),Cascada,Miracle,spotify:track:26lxGeXwldBZCELoTUp0r6,https://open.spotify.com/track/26lxGeXwldBZCELoTUp0r6,100.0,matched,https://osu.ppy.sh/beatmapsets/1542705
local,Jutes,Bad Dream,Jutes,Bad Dream,spotify:track:71staqCBFArNBB1O7Sw3J8,https://open.spotify.com/track/71staqCBFArNBB1O7Sw3J8,100.0,matched,https://osu.ppy.sh/beatmapsets/1365310
local,Skillet,Monster,Skillet,Monster,spotify:track:5XQNN3cHwYRzPv08CHuQNZ,https://open.spotify.com/track/5XQNN3cHwYRzPv08CHuQNZ,100.0,matched,https://osu.ppy.sh/beatmapsets/738909
local,Official髭男dism,イエスタデイ (Movie ver.),OFFICIAL HIGE DANDISM,Yesterday,spotify:track:1kMlcLyljkrShV0LSdSGBz,https://open.spotify.com/track/1kMlcLyljkrShV0LSdSGBz,100.0,matched,https://osu.ppy.sh/beatmapsets/1124845
local,Roselia,Dazzle the Destiny (Game Ver.),Roselia,Dazzle the Destiny,spotify:track:36qqkkLRFAGZmaqR7C86du,https://open.spotify.com/track/36qqkkLRFAGZmaqR7C86du,100.0,matched,https://osu.ppy.sh/beatmapsets/2452068
local,Eve,レーゾンデートル,Eve,Raison Detre,spotify:track:7dOGSR13vk5532IuIgKO4T,https://open.spotify.com/track/7dOGSR13vk5532IuIgKO4T,97.4,matched,https://osu.ppy.sh/beatmapsets/1085435
local,Cady Groves,This Little Girl (Nightcore & Cut Ver.),Cady Groves,This Little Girl,spotify:track:245q31NvaFNkMw8QRVy23b,https://open.spotify.com/track/245q31NvaFNkMw8QRVy23b,100.0,matched,https://osu.ppy.sh/beatmapsets/2379887
local,sweet ARMS,I swear (TV Size),sweet ARMS,I swear,spotify:track:5Q04gnDJdFGmGRx0Df3wJf,https://open.spotify.com/track/5Q04gnDJdFGmGRx0Df3wJf,100.0,matched,https://osu.ppy.sh/beatmapsets/911245
local,THE ORAL CIGARETTES,狂乱 Hey Kids!!,THE ORAL CIGARETTES,Kyouran Hey Kids!!,spotify:track:5NfPjjpfNsodIepI8NpKKR,https://open.spotify.com/track/5NfPjjpfNsodIepI8NpKKR,100.0,matched,https://osu.ppy.sh/beatmapsets/372510
local,CloZee,Koto,CloZee,Koto,spotify:track:13i1xqfyIJrM451izr3M01,https://open.spotify.com/track/13i1xqfyIJrM451izr3M01,100.0,matched,https://osu.ppy.sh/beatmapsets/517055
local,BiSH,PAiNT it BLACK (TV Size),BiSH,PAiNT it BLACK,spotify:track:4S3aU06ISAWFb0hIdZ4WL8,https://open.spotify.com/track/4S3aU06ISAWFb0hIdZ4WL8,100.0,matched,https://osu.ppy.sh/beatmapsets/936345
local,Shihori,Bloody Night,Shihori,Bloody Night,spotify:track:7HbKlaQUx5PUhJgpboUHl1,https://open.spotify.com/track/7HbKlaQUx5PUhJgpboUHl1,100.0,matched,
local,SPYAIR,Kill the Noise (TV Size),SPYAIR,Kill the Noise,spotify:track:43hn4s6ik2tccvWF5ltrEb,https://open.spotify.com/track/43hn4s6ik2tccvWF5ltrEb,100.0,matched,https://osu.ppy.sh/beatmapsets/2494507
local,Digital Sexy,Til Death (Technoposse Remix Edit) (Nightcore & Cut Ver.),Digital Sexy,Til Death (Technoposse Remix Edit),spotify:track:7ir624MF6sARI34k9NbAAc,https://open.spotify.com/track/7ir624MF6sARI34k9NbAAc,100.0,matched,https://osu.ppy.sh/beatmapsets/2430126
local,Set It Off,Distance Disturbs Me (Cut Ver.),Set It Off,Distance Disturbs Me,spotify:track:4Xb69wKLofzbIiLsqfv7ek,https://open.spotify.com/track/4Xb69wKLofzbIiLsqfv7ek,100.0,matched,https://osu.ppy.sh/beatmapsets/2459491
local,Groove Coverage,Poison (Nightcore & Cut Ver.),Groove Coverage,Poison,spotify:track:2khPSr1B10m8g8NqN2Qf6a,https://open.spotify.com/track/2khPSr1B10m8g8NqN2Qf6a,100.0,matched,https://osu.ppy.sh/beatmapsets/2281428
local,ALI,Wild Side (TV Size),ALI,Wild Side,spotify:track:2RSPQJ483jRL1KNtMuKqgh,https://open.spotify.com/track/2RSPQJ483jRL1KNtMuKqgh,100.0,matched,https://osu.ppy.sh/beatmapsets/1233752
local,Jeff Williams,Die (feat. Casey Lee Williams),"Jeff Williams, Casey Lee Williams",Die,spotify:track:3EyIwqV3VIypP1q8AUKFXw,https://open.spotify.com/track/3EyIwqV3VIypP1q8AUKFXw,85.22,matched,https://osu.ppy.sh/beatmapsets/288824
local,Adust Rain,Joker's Cranberrybox,Adust Rain,Joker's Cranberrybox,spotify:track:6Z9qVmoefo1DHgv6QVc2dJ,https://open.spotify.com/track/6Z9qVmoefo1DHgv6QVc2dJ,100.0,matched,https://osu.ppy.sh/beatmapsets/1815728
local,UVERworld,Touch off (TV Size),UVERworld,Touch off,spotify:track:7CSTVNXkW2AbmNktlP1hi2,https://open.spotify.com/track/7CSTVNXkW2AbmNktlP1hi2,100.0,matched,https://osu.ppy.sh/beatmapsets/908896
local,大森靖子,JUSTadICE (TV Size),Seiko Oomori,JUSTadICE,spotify:track:6IVM1YYZq6K6NG6qqC26o4,https://open.spotify.com/track/6IVM1YYZq6K6NG6qqC26o4,100.0,matched,https://osu.ppy.sh/beatmapsets/983942
local,Aimer,SPARK-AGAIN (TV Size),Aimer,SPARK-AGAIN,spotify:track:7c7iiyRHZQB2VUxyUQA8ZI,https://open.spotify.com/track/7c7iiyRHZQB2VUxyUQA8ZI,100.0,matched,https://osu.ppy.sh/beatmapsets/1206396
local,Marino,hideaway,Marino,hideaway,spotify:track:5mfEcAbAcufmTpMQJrq6K5,https://open.spotify.com/track/5mfEcAbAcufmTpMQJrq6K5,100.0,matched,https://osu.ppy.sh/beatmapsets/2478287
local,ONE OK ROCK,アンサイズニア,ONE OK ROCK,Answer Is Near,spotify:track:0cVc6eheUKQRYNnbevUHxJ,https://open.spotify.com/track/0cVc6eheUKQRYNnbevUHxJ,100.0,matched,https://osu.ppy.sh/beatmapsets/1110954
local,オーイシマサヨシ,インパーフェクト (TV Size),Masayoshi Oishi,Imperfect,spotify:track:15If8Hrsgq8jro2a4LSi9A,https://open.spotify.com/track/15If8Hrsgq8jro2a4LSi9A,100.0,matched,https://osu.ppy.sh/beatmapsets/1443071
local,NateWantsToBattle,THE DAY,NateWantsToBattle,The Day,spotify:track:0lvT8MtEShxGe8jybc6cnr,https://open.spotify.com/track/0lvT8MtEShxGe8jybc6cnr,100.0,matched,https://osu.ppy.sh/beatmapsets/1464434
local,supercell,The Bravery (TV Edit),supercell,The Bravery -TV Edit-,spotify:track:0GR7rzXfHn60vCEQjd2hrI,https://open.spotify.com/track/0GR7rzXfHn60vCEQjd2hrI,93.81,matched,https://osu.ppy.sh/beatmapsets/308912
local,Ado,うっせぇわ,Ado,Usseewa,spotify:track:61KYsWS25JXUO4fGb1138X,https://open.spotify.com/track/61KYsWS25JXUO4fGb1138X,100.0,matched,https://osu.ppy.sh/beatmapsets/1322727
local,Fireflight,Unbreakable,Fireflight,Unbreakable,spotify:track:6M9vEm3Cy3PHr3QkXRX6x3,https://open.spotify.com/track/6M9vEm3Cy3PHr3QkXRX6x3,100.0,matched,https://osu.ppy.sh/beatmapsets/1568705
local,THE HATTERS,Every Day I’m Drinking,The Hatters,Every Day I'm Drinking,spotify:track:4PHz4bSmYU7H8PJO1HiOdq,https://open.spotify.com/track/4PHz4bSmYU7H8PJO1HiOdq,100.0,matched,https://osu.ppy.sh/beatmapsets/2348983
local,ONE OK ROCK,One by One,ONE OK ROCK,One by One,spotify:track:3OJQ53NHwPC2rKKwE5wvdc,https://open.spotify.com/track/3OJQ53NHwPC2rKKwE5wvdc,100.0,matched,https://osu.ppy.sh/beatmapsets/1148073
local,"Fear, and Loathing in Las Vegas",Take Me Out!!,"Fear, and Loathing in Las Vegas",Take Me Out!!,spotify:track:0URKOC7mOlqxC0mn19etuU,https://open.spotify.com/track/0URKOC7mOlqxC0mn19etuU,100.0,matched,https://osu.ppy.sh/beatmapsets/115358
local,Icon For Hire,Make A Move,Icon For Hire,Make A Move,spotify:track:0FtD1ZukwCnuTfTNuwxrQM,https://open.spotify.com/track/0FtD1ZukwCnuTfTNuwxrQM,100.0,matched,https://osu.ppy.sh/beatmapsets/506483
local,Good Kid,From The Start,Good Kid,From the Start,spotify:track:6BJHsLiE47Sk0wQkuppqhr,https://open.spotify.com/track/6BJHsLiE47Sk0wQkuppqhr,100.0,matched,https://osu.ppy.sh/beatmapsets/2088181
local,David Garrett,Viva la Vida,David Garrett,Viva La Vida,spotify:track:7fYfXPFRzAQ0ubAl9RQUTp,https://open.spotify.com/track/7fYfXPFRzAQ0ubAl9RQUTp,100.0,matched,https://osu.ppy.sh/beatmapsets/586524
local,鈴木雅之,DADDY ! DADDY ! DO ! feat. 鈴木愛理 (TV Size),"Masayuki Suzuki, Airi Suzuki",DADDY ! DADDY ! DO !,spotify:track:4xeWELPxBZKhhCrUr84jmp,https://open.spotify.com/track/4xeWELPxBZKhhCrUr84jmp,90.0,matched,https://osu.ppy.sh/beatmapsets/1147361
local,supercell,My Dearest (TV Edit),supercell,My Dearest（TV Edit),spotify:track:6arxuFadvkw95LE8fNbypq,https://open.spotify.com/track/6arxuFadvkw95LE8fNbypq,88.33,matched,https://osu.ppy.sh/beatmapsets/370819
local,TK from 凛として時雨,unravel (TV Size),TK from Ling tosite sigure,unravel,spotify:track:1rN9QoVxw5U7TJkyaUR8C1,https://open.spotify.com/track/1rN9QoVxw5U7TJkyaUR8C1,100.0,matched,https://osu.ppy.sh/beatmapsets/856627
local,ずっと真夜中でいいのに。,暗く黒く,ZUTOMAYO,Darken,spotify:track:15mJGBtLcTAURQ0XOdDXXy,https://open.spotify.com/track/15mJGBtLcTAURQ0XOdDXXy,100.0,matched,https://osu.ppy.sh/beatmapsets/1347758
local,THE ORAL CIGARETTES,STAY ONE,THE ORAL CIGARETTES,Stay One,spotify:track:1kK2PXj1wGLQhn4OPDSWSZ,https://open.spotify.com/track/1kK2PXj1wGLQhn4OPDSWSZ,100.0,matched,https://osu.ppy.sh/beatmapsets/1105934
local,칵스,A FOOL MOON NIGHT,THE KOXX,A Fool Moon Night,spotify:track:0NIZWVJdeGizq0SkwTLwfT,https://open.spotify.com/track/0NIZWVJdeGizq0SkwTLwfT,100.0,matched,https://osu.ppy.sh/beatmapsets/524026
local,ナノ,Bull's Eye (TV Size),NANO,Bull’s Eye,spotify:track:4YENDj4osK8l9eIbw5Bi06,https://open.spotify.com/track/4YENDj4osK8l9eIbw5Bi06,96.58,matched,https://osu.ppy.sh/beatmapsets/1198327
local,米津玄師,Flamingo,Kenshi Yonezu,Flamingo,spotify:track:3ILWwi1JNj3NGuuf6DzYxN,https://open.spotify.com/track/3ILWwi1JNj3NGuuf6DzYxN,100.0,matched,https://osu.ppy.sh/beatmapsets/1064501
local,Roselia,Song I am.,Roselia,Song I am.,spotify:track:5BZpy13fGkwbWbR2BEGzzn,https://open.spotify.com/track/5BZpy13fGkwbWbR2BEGzzn,100.0,matched,https://osu.ppy.sh/beatmapsets/1241753
local,Psychedelic Porn Crumpets,Hymn For A Droid,Psychedelic Porn Crumpets,Hymn For A Droid,spotify:track:6e7LEf6iDAkshuWbpnqcKN,https://open.spotify.com/track/6e7LEf6iDAkshuWbpnqcKN,100.0,matched,https://osu.ppy.sh/beatmapsets/2145884
local,MYLK,Prism (Cut Ver.),MYLK,Prism,spotify:track:1x84Ki84z2Mf5DQMkkdvws,https://open.spotify.com/track/1x84Ki84z2Mf5DQMkkdvws,100.0,matched,https://osu.ppy.sh/beatmapsets/2527356
local,Coolio,Gangsta's Paradise (feat. L.V.),"Coolio, L.V.",Gangsta's Paradise,spotify:track:1DIXPcTDzTj8ZMHt3PDt8p,https://open.spotify.com/track/1DIXPcTDzTj8ZMHt3PDt8p,89.71,matched,https://osu.ppy.sh/beatmapsets/996463
local,Panda Eyes & Teminite,Highscore,"Panda Eyes, Teminite",Highscore,spotify:track:7FADpmBJVWay6aHy8q34oa,https://open.spotify.com/track/7FADpmBJVWay6aHy8q34oa,98.25,matched,https://osu.ppy.sh/beatmapsets/332532
local,Cady Groves,This Little Girl (Speed Up Ver.),Cady Groves,This Little Girl,spotify:track:245q31NvaFNkMw8QRVy23b,https://open.spotify.com/track/245q31NvaFNkMw8QRVy23b,100.0,matched,https://osu.ppy.sh/beatmapsets/413625
local,Galneryus,Hunting For Your Dream (TV Size),GALNERYUS,HUNTING FOR YOUR DREAM,spotify:track:2wSBd0G5t1suEUn4xWM8Vh,https://open.spotify.com/track/2wSBd0G5t1suEUn4xWM8Vh,100.0,matched,https://osu.ppy.sh/beatmapsets/143064
local,THE ORAL CIGARETTES,BLACK MEMORY (Cut Ver.),THE ORAL CIGARETTES,Black Memory,spotify:track:4MOJgF5jHtwoZT0PtSo0vg,https://open.spotify.com/track/4MOJgF5jHtwoZT0PtSo0vg,100.0,matched,https://osu.ppy.sh/beatmapsets/1434327
local,TRUE,DREAM SOLISTER,TRUE,DREAM SOLISTER,spotify:track:536M6P8ZS8kMpQxSH7Pxm1,https://open.spotify.com/track/536M6P8ZS8kMpQxSH7Pxm1,100.0,matched,https://osu.ppy.sh/beatmapsets/359501
local,Linkin Park,Breaking The Habit,Linkin Park,Breaking the Habit,spotify:track:3dxiWIBVJRlqh9xk144rf4,https://open.spotify.com/track/3dxiWIBVJRlqh9xk144rf4,100.0,matched,https://osu.ppy.sh/beatmapsets/1499705
local,藍月なくる,ぷれぜんたー☆,Nakuru Aitsuki,presenter,spotify:track:4s71elRxOvcug6epixWZir,https://open.spotify.com/track/4s71elRxOvcug6epixWZir,96.58,matched,https://osu.ppy.sh/beatmapsets/799156
local,Foreground Eclipse,From Under Cover (Caught Up In A Love Song),Foreground Eclipse,From Under Cover (Caught Up In A Love Song),spotify:track:5jTUvy88f2ACRgFhhnXhbt,https://open.spotify.com/track/5jTUvy88f2ACRgFhhnXhbt,100.0,matched,https://osu.ppy.sh/beatmapsets/462386
local,Take Us To Vegas,For The Love Of The Game (Nightcore & Cut Ver.),Take Us To Vegas,For the Love of the Game,spotify:track:5F9lDg7eV6u9GsjLcCZRlp,https://open.spotify.com/track/5F9lDg7eV6u9GsjLcCZRlp,100.0,matched,https://osu.ppy.sh/beatmapsets/2282701
local,Mrs. GREEN APPLE,インフェルノ (TV Size),Mrs. GREEN APPLE,Inferno,spotify:track:3VtnlGpRuSlEBAu5VVaNlQ,https://open.spotify.com/track/3VtnlGpRuSlEBAu5VVaNlQ,100.0,matched,https://osu.ppy.sh/beatmapsets/999645
local,THE ORAL CIGARETTES,GET BACK,THE ORAL CIGARETTES,Get Back,spotify:track:0wfTuCxhbevkpgY5sDZyoy,https://open.spotify.com/track/0wfTuCxhbevkpgY5sDZyoy,100.0,matched,https://osu.ppy.sh/beatmapsets/853600
local,Panda Eyes,ILY,Panda Eyes,ILY,spotify:track:23C8iYEEBrF7BQlJ4Yu6VM,https://open.spotify.com/track/23C8iYEEBrF7BQlJ4Yu6VM,100.0,matched,https://osu.ppy.sh/beatmapsets/653534
local,Detox Unit,Expand,Detox Unit,Expand,spotify:track:5xx8HMmqr7Eu7913IMIj84,https://open.spotify.com/track/5xx8HMmqr7Eu7913IMIj84,100.0,matched,https://osu.ppy.sh/beatmapsets/1283652
local,岸田教団＆THE明星ロケッツ,HIGHSCHOOL OF THE DEAD (TV Size),KISIDA KYODAN & THE AKEBOSI ROCKETS,HIGHSCHOOL OF THE DEAD,spotify:track:3zWSQmFru3KFYK4lbWqpgh,https://open.spotify.com/track/3zWSQmFru3KFYK4lbWqpgh,100.0,matched,https://osu.ppy.sh/beatmapsets/1349859
local,The Beaches,Blame Brett (Sped Up & Cut Ver.),The Beaches,Blame Brett,spotify:track:6twjuBZfRJIZnoHrghzWLk,https://open.spotify.com/track/6twjuBZfRJIZnoHrghzWLk,100.0,matched,https://osu.ppy.sh/beatmapsets/2413378
local,Good Kid,Alchemist,Good Kid,Alchemist,spotify:track:158OK6TQSb8xo1MIJSdxb1,https://open.spotify.com/track/158OK6TQSb8xo1MIJSdxb1,100.0,matched,https://osu.ppy.sh/beatmapsets/1689430
local,藍井エイル,IGNITE (TV size ver.),Eir Aoi,IGNITE,spotify:track:5ivhfpfnoHhD8rUI2t3aJG,https://open.spotify.com/track/5ivhfpfnoHhD8rUI2t3aJG,100.0,matched,https://osu.ppy.sh/beatmapsets/190222
local,Wakana,Flag,Wakana,Flag,spotify:track:211UWCpPoKBFSYga9aaizc,https://open.spotify.com/track/211UWCpPoKBFSYga9aaizc,100.0,matched,https://osu.ppy.sh/beatmapsets/2386212
local,The Chainsmokers & Coldplay,Something Just Like This,"The Chainsmokers, Coldplay",Something Just Like This,spotify:track:6RUKPb4LETWmmr3iAEQktW,https://open.spotify.com/track/6RUKPb4LETWmmr3iAEQktW,98.65,matched,https://osu.ppy.sh/beatmapsets/611301
local,Good Kid,Tell Me You Know,Good Kid,Tell Me You Know,spotify:track:7v0EsDFDBpCgmIruSQTUNZ,https://open.spotify.com/track/7v0EsDFDBpCgmIruSQTUNZ,100.0,matched,https://osu.ppy.sh/beatmapsets/1598849
local,ONE OK ROCK,American Girls (Speed Up Ver.),ONE OK ROCK,American Girls,spotify:track:2k1PUdpVQbeJYSkQm50zLO,https://open.spotify.com/track/2k1PUdpVQbeJYSkQm50zLO,100.0,matched,https://osu.ppy.sh/beatmapsets/978879
local,Yunomi,惑星ラビット (feat. TORIENA),"Yunomi, TORIENA",Wakusei Rabbit (feat. TORIENA),spotify:track:3LE1h5nCGT2sr9Mu9BaCHu,https://open.spotify.com/track/3LE1h5nCGT2sr9Mu9BaCHu,86.0,matched,https://osu.ppy.sh/beatmapsets/504171
local,Unlike Pluto,Everything Black (feat. Mike Taylor),"Unlike Pluto, Mike Taylor",Everything Black,spotify:track:0dhzrUYKiGs4XZwqgStEtz,https://open.spotify.com/track/0dhzrUYKiGs4XZwqgStEtz,88.33,matched,https://osu.ppy.sh/beatmapsets/589603
local,ビッケブランカ,Black Catcher (TV Size),VK Blanka,Black Catcher,spotify:track:5RXmLhscstsdvWPN0XtUa0,https://open.spotify.com/track/5RXmLhscstsdvWPN0XtUa0,86.0,matched,https://osu.ppy.sh/beatmapsets/1089606
local,Ayakura Mei + mican*,Saigetsu,"Alstroemeria Records, Mei Ayakura, mican*",SAIGETSU,spotify:track:0yVhVb9gqMK6m3J4SvpFtt,https://open.spotify.com/track/0yVhVb9gqMK6m3J4SvpFtt,87.54,matched,
local,BURNOUT SYNDROMES,Dream On!!,BURNOUT SYNDROMES,Dream On!!,spotify:track:3sY7mzJc3NxSmFFipnhC7C,https://open.spotify.com/track/3sY7mzJc3NxSmFFipnhC7C,100.0,matched,https://osu.ppy.sh/beatmapsets/1168449
local,広瀬香美,Groovy! (Cut Ver.),Kohmi Hirose,Groovy!,spotify:track:4I6ijZbxnYAzfFtMYHjb0H,https://open.spotify.com/track/4I6ijZbxnYAzfFtMYHjb0H,100.0,matched,https://osu.ppy.sh/beatmapsets/1233950
local,The Living Tombstone,Five Nights at Freddy's,The Living Tombstone,Five Nights at Freddy's,spotify:track:2ItNKt19iqefEe590Z9GeE,https://open.spotify.com/track/2ItNKt19iqefEe590Z9GeE,100.0,matched,https://osu.ppy.sh/beatmapsets/213629
local,nekodex,circle the halls,nekodex,circle the halls,spotify:track:12Be8mPRqoT9lk44WQv6uB,https://open.spotify.com/track/12Be8mPRqoT9lk44WQv6uB,100.0,matched,
local,Mrs. GREEN APPLE,僕のこと,Mrs. GREEN APPLE,Bokuno Koto,spotify:track:2MFe0ypQD4in816KRi05Mx,https://open.spotify.com/track/2MFe0ypQD4in816KRi05Mx,85.87,matched,https://osu.ppy.sh/beatmapsets/1172658
local,"Becky G, Bad Bunny",Mayores,"Becky G, Bad Bunny",Mayores,spotify:track:2AY1UAimvTqjJC8vDJsOyy,https://open.spotify.com/track/2AY1UAimvTqjJC8vDJsOyy,99.0,matched,https://osu.ppy.sh/beatmapsets/1249317
local,Kalafina,sprinter,Kalafina,sprinter,spotify:track:0bcx668BzdSiDYZqX17oTT,https://open.spotify.com/track/0bcx668BzdSiDYZqX17oTT,100.0,matched,https://osu.ppy.sh/beatmapsets/2493289
local,葛西ハーコーズ,サイクルヒット,KASAI HARCORES,CYCLE HIT,spotify:track:6HrRFCbSJbwJ1b63UJe0rR,https://open.spotify.com/track/6HrRFCbSJbwJ1b63UJe0rR,100.0,matched,https://osu.ppy.sh/beatmapsets/636839
