source,artist,title,artist_romanized,title_romanized,beatmapset_id,beatmap_id,creator,difficulty,audio_filename,tags,osu_beatmapset_url,osu_beatmap_url
osu_api_best,ツユ,過去に囚われている,TUYU,Kako ni Torawarete Iru,1245686,2593880,Keqing,Kowari's Extra,,,https://osu.ppy.sh/beatmapsets/1245686,https://osu.ppy.sh/beatmaps/2593880
osu_api_best,The Beaches,Blame Brett (Sped Up Ver.),,,2505860,5517387,Nymphe,Kumocha's Expert,,,https://osu.ppy.sh/beatmapsets/2505860,https://osu.ppy.sh/beatmaps/5517387
osu_api_best,SPYAIR,サクラミツツキ,,Sakura Mitsutsuki,686601,1453152,Nevo,Petal,,,https://osu.ppy.sh/beatmapsets/686601,https://osu.ppy.sh/beatmaps/1453152
osu_api_best,Demi Lovato,Sorry Not Sorry (Rock Ver.) (Nightcore & Cut Ver.),,,2449469,5369951,Smoke,Share's Expert,,,https://osu.ppy.sh/beatmapsets/2449469,https://osu.ppy.sh/beatmaps/5369951
osu_api_best,The Beaches,Blame Brett (Sped Up & Cut Ver.),,,2413378,5337976,Sapl,Bittersweet,,,https://osu.ppy.sh/beatmapsets/2413378,https://osu.ppy.sh/beatmaps/5337976
osu_api_best,DECO*27,マシュマロ feat. 初音ミク,,Marshmallow feat. Hatsune Miku,2447154,5343381,vastly,Parad0xa's Extra,,,https://osu.ppy.sh/beatmapsets/2447154,https://osu.ppy.sh/beatmaps/5343381
osu_api_best,Cady Groves,This Little Girl (Nightcore & Cut Ver.),,,2379887,5143160,PikAqours,Don't you know?,,,https://osu.ppy.sh/beatmapsets/2379887,https://osu.ppy.sh/beatmaps/5143160
osu_api_best,Take Us To Vegas,For The Love Of The Game,,,2359185,5083730,Share,Let us scream til the morning comes,,,https://osu.ppy.sh/beatmapsets/2359185,https://osu.ppy.sh/beatmaps/5083730
osu_api_best,드림캐쳐,GOOD NIGHT,Dreamcatcher,,603905,1286416,Natsu,toybot's Sunset,,,https://osu.ppy.sh/beatmapsets/603905,https://osu.ppy.sh/beatmaps/1286416
osu_api_best,Krewella,Say Goodbye (Nightcore & Cut Ver.),,,1049899,4633101,A r M i N,kowari's Expert,,,https://osu.ppy.sh/beatmapsets/1049899,https://osu.ppy.sh/beatmaps/4633101
osu_api_best,Paramore,Still Into You (Nightcore & Cut Ver.),,,2499570,5500364,aaeky,Kumocha's Expert,,,https://osu.ppy.sh/beatmapsets/2499570,https://osu.ppy.sh/beatmaps/5500364
osu_api_best,Ke$ha,Backstabber (Sped Up & Cut Ver.),,,1217044,2553327,wetdog123,skylaa's Extra,,,https://osu.ppy.sh/beatmapsets/1217044,https://osu.ppy.sh/beatmaps/2553327
osu_api_best,藍月なくる,Monochrome Butterfly,Aitsuki Nakuru,,770300,1623093,Sotarks,Nevo's Extra,,,https://osu.ppy.sh/beatmapsets/770300,https://osu.ppy.sh/beatmaps/1623093
osu_api_best,Porcelain Black,Pretty Little Psycho (Nightcore & Cut Ver.),,,2390209,5286389,Mita,Reform's Expert,,,https://osu.ppy.sh/beatmapsets/2390209,https://osu.ppy.sh/beatmaps/5286389
osu_api_best,supercell,The Bravery (TV Edit),,,308912,690778,monstrata,Magi,,,https://osu.ppy.sh/beatmapsets/308912,https://osu.ppy.sh/beatmaps/690778
osu_api_best,Take Us To Vegas,For The Love Of The Game (Nightcore & Cut Ver.),,,2282701,4867578,browiec,Extra,,,https://osu.ppy.sh/beatmapsets/2282701,https://osu.ppy.sh/beatmaps/4867578
osu_api_best,SPYAIR,サクラミツツキ (TV Size),,Sakura Mitsutsuki (TV Size),933863,1949536,MiracleE,Aurora,,,https://osu.ppy.sh/beatmapsets/933863,https://osu.ppy.sh/beatmaps/1949536
osu_api_best,Artemas,i like the way you kiss me (DETHVEDA Frenchcore Edit),,,2365162,5123528,Mita,wafwest's Expert,,,https://osu.ppy.sh/beatmapsets/2365162,https://osu.ppy.sh/beatmaps/5123528
osu_api_best,オーイシマサヨシ,インパーフェクト (TV Size),Oishi Masayoshi,Imperfect (TV Size),1443071,2968299,kunka,SSSS,,,https://osu.ppy.sh/beatmapsets/1443071,https://osu.ppy.sh/beatmaps/2968299
osu_api_best,Digital Sexy,Til Death (Technoposse Remix Edit) (Nightcore & Cut Ver.),,,2430126,5293319,Kuki1537,Losing It,,,https://osu.ppy.sh/beatmapsets/2430126,https://osu.ppy.sh/beatmaps/5293319
osu_api_best,Fireflight,Unbreakable (Sped Up Ver.),,,853493,2739876,Net0,Sulli's Another,,,https://osu.ppy.sh/beatmapsets/853493,https://osu.ppy.sh/beatmaps/2739876
osu_api_best,シド,乱舞のメロディ (TV Size),SID,Ranbu no Melody (TV Size),1189202,2551654,Aakki,jiebi's Expert,,,https://osu.ppy.sh/beatmapsets/1189202,https://osu.ppy.sh/beatmaps/2551654
osu_api_best,MIMI feat. 初音ミク,哀の隙間,MIMI feat. Hatsune Miku,Ai no Sukima,952409,1988748,Log Off Now,Extra,,,https://osu.ppy.sh/beatmapsets/952409,https://osu.ppy.sh/beatmaps/1988748
osu_api_best,Groove Coverage,Poison (Nightcore & Cut Ver.),,,2281428,4869659,My Angel Ram,Tylerderp's Expert,,,https://osu.ppy.sh/beatmapsets/2281428,https://osu.ppy.sh/beatmaps/4869659
osu_api_best,Mrs. GREEN APPLE,青と夏,,Ao to Natsu,1216255,2530752,Rosiie,Expert,,,https://osu.ppy.sh/beatmapsets/1216255,https://osu.ppy.sh/beatmaps/2530752
osu_api_best,MitiS,Movements (feat. MaHi),,,296185,672621,byfar,Broccoly's Insane,,,https://osu.ppy.sh/beatmapsets/296185,https://osu.ppy.sh/beatmaps/672621
osu_api_best,THE ORAL CIGARETTES,BLACK MEMORY (Cut Ver.),,,1434327,2951751,Pepekcz,Shout,,,https://osu.ppy.sh/beatmapsets/1434327,https://osu.ppy.sh/beatmaps/2951751
osu_api_best,Station Earth,Cold Green Eyes ft. Roos Denayer,,,371128,814293,Bearizm,Divine,,,https://osu.ppy.sh/beatmapsets/371128,https://osu.ppy.sh/beatmaps/814293
osu_api_best,Crush 40,I Am... All Of Me (Game Ver.),,,819347,1717839,-Zeraora,Extra,,,https://osu.ppy.sh/beatmapsets/819347,https://osu.ppy.sh/beatmaps/1717839
osu_api_best,ONE OK ROCK,One by One,,,1148073,2404837,Elinor,Kowali's Expert,,,https://osu.ppy.sh/beatmapsets/1148073,https://osu.ppy.sh/beatmaps/2404837
osu_api_best,KANA-BOON,シルエット,,Silhouette,399358,869197,Kagetsu,Kage,,,https://osu.ppy.sh/beatmapsets/399358,https://osu.ppy.sh/beatmaps/869197
osu_api_best,星街すいせい,乱舞のメロディ (Cut Ver.),Hoshimachi Suisei,Ranbu no Melody (Cut Ver.),1483235,3059231,Aerous,Nelliel's Expert,,,https://osu.ppy.sh/beatmapsets/1483235,https://osu.ppy.sh/beatmaps/3059231
osu_api_best,さユり,それは小さな光のような (TV Size),Sayuri,Sore wa Chiisana Hikari no Youna (TV Size),1123162,2347578,Kuki1537,browiec's Expert,,,https://osu.ppy.sh/beatmapsets/1123162,https://osu.ppy.sh/beatmaps/2347578
osu_api_best,SIX LOUNGE,言葉にせずとも (TV Size),,Without any words (TV Size),2260384,4815561,Furox,EXPERT,,,https://osu.ppy.sh/beatmapsets/2260384,https://osu.ppy.sh/beatmaps/4815561
osu_api_best,THE HATTERS,Every Day I’m Drinking,,Every Day I'm Drinking,2348983,5380616,killian,Tachi's Extra,,,https://osu.ppy.sh/beatmapsets/2348983,https://osu.ppy.sh/beatmaps/5380616
osu_api_best,THE ORAL CIGARETTES,STAY ONE,,,1105934,2313744,Stixy,Enerugi's Insane,,,https://osu.ppy.sh/beatmapsets/1105934,https://osu.ppy.sh/beatmaps/2313744
osu_api_best,ポルノグラフィティ,THE DAY,Porno Graffitti,,459293,986610,ProfessionalBox,Meyrink's Insane,,,https://osu.ppy.sh/beatmapsets/459293,https://osu.ppy.sh/beatmaps/986610
osu_api_best,大森靖子,JUSTadICE (TV Size),Oomori Seiko,,983942,2067117,fieryrage,Glaceon's Extra,,,https://osu.ppy.sh/beatmapsets/983942,https://osu.ppy.sh/beatmaps/2067117
osu_api_best,感覚ピエロ,ハルカミライ (TV Size),Kankaku Piero,Haruka Mirai (TV Size),750743,1589444,Gero,Kalibe's Insane,,,https://osu.ppy.sh/beatmapsets/750743,https://osu.ppy.sh/beatmaps/1589444
osu_api_best,The Living Tombstone,Five Nights at Freddy's,,,213629,709258,-Faded-,Extra,,,https://osu.ppy.sh/beatmapsets/213629,https://osu.ppy.sh/beatmaps/709258
osu_api_best,Cady Groves,This Little Girl (Speed Up Ver.),,,413625,1067681,Bonsai,Insane,,,https://osu.ppy.sh/beatmapsets/413625,https://osu.ppy.sh/beatmaps/1067681
osu_api_best,キネマ106,銃爆,KINEMA106,Juubaku,2406365,5321756,Sieu Phan Dong,Duckivian-'s Insane,,,https://osu.ppy.sh/beatmapsets/2406365,https://osu.ppy.sh/beatmaps/5321756
osu_api_best,CloZee,Koto,,,517055,2157548,galvenize,CChu's Intense,,,https://osu.ppy.sh/beatmapsets/517055,https://osu.ppy.sh/beatmaps/2157548
osu_api_best,真山りか,Liar Mask anime size,Mayama Rika,,222671,520475,Setsurei,Liar,,,https://osu.ppy.sh/beatmapsets/222671,https://osu.ppy.sh/beatmaps/520475
osu_api_best,RADWIMPS,夢灯籠,,Yume Tourou,597111,1262433,Monstrata,Extra: Mitsuha,,,https://osu.ppy.sh/beatmapsets/597111,https://osu.ppy.sh/beatmaps/1262433
osu_api_best,Drop,Granat,,,497769,1059388,Left,Extra,,,https://osu.ppy.sh/beatmapsets/497769,https://osu.ppy.sh/beatmaps/1059388
osu_api_best,大森靖子,JUSTadICE (TV Size),Oomori Seiko,,950289,2044364,Sotarks,ggf's Extreme,,,https://osu.ppy.sh/beatmapsets/950289,https://osu.ppy.sh/beatmaps/2044364
osu_api_best,THE ORAL CIGARETTES,ERASE,,,2491045,5474219,Hyokar,INSANE,,,https://osu.ppy.sh/beatmapsets/2491045,https://osu.ppy.sh/beatmaps/5474219
osu_api_best,暁Records,ENDLESS FANTASY (Short Ver.),Akatsuki Records,,2478777,5437114,sharpay,Phantasm Stage,,,https://osu.ppy.sh/beatmapsets/2478777,https://osu.ppy.sh/beatmaps/5437114
osu_api_best,YOASOBI,怪物 (TV Size),,Kaibutsu (TV Size),1328989,2755127,[-Evil-],Beast,,,https://osu.ppy.sh/beatmapsets/1328989,https://osu.ppy.sh/beatmaps/2755127
osu_api_best,蒼月エリ,蒼い蝶,Sougetsu Eli,Aoi Chou,1610224,3299843,Ryuusei Aika,gazimal's Extra,,,https://osu.ppy.sh/beatmapsets/1610224,https://osu.ppy.sh/beatmaps/3299843
osu_api_best,THE ORAL CIGARETTES,GET BACK,,,853600,1786111,Nikakis,Reform's Expert,,,https://osu.ppy.sh/beatmapsets/853600,https://osu.ppy.sh/beatmaps/1786111
osu_api_best,花たん,エアーマンが倒せない (SOUND HOLIC Ver.),Hanatan,Airman ga Taosenai (SOUND HOLIC Ver.),134151,345099,Natsu,Insane,,,https://osu.ppy.sh/beatmapsets/134151,https://osu.ppy.sh/beatmaps/345099
osu_api_best,AKINO from bless4 & CHiCO with HoneyWorks,海色 vs. アイのシナリオ,,MIIRO vs. Ai no Scenario,325158,748983,monstrata,Kyshiro's Extra,,,https://osu.ppy.sh/beatmapsets/325158,https://osu.ppy.sh/beatmaps/748983
osu_api_best,"JO☆STARS ～TOMMY, Coda, JIN～",ジョジョ その血の記憶 ~end of THE WORLD~ (TV Size),"JO*STARS ~TOMMY, Coda, JIN~",JoJo Sono Chi no Kioku ~end of THE WORLD~ (TV Size),2480881,5443120,killian,ARFI'S ANOTHER,,,https://osu.ppy.sh/beatmapsets/2480881,https://osu.ppy.sh/beatmaps/5443120
osu_api_best,TrySail,うつろい (Short Ver.),,Utsuroi (Short Ver.),1155295,2410949,Log Off Now,mnyui's Extra,,,https://osu.ppy.sh/beatmapsets/1155295,https://osu.ppy.sh/beatmaps/2410949
osu_api_best,Roselia,Dazzle the Destiny (Game Ver.),,,2452068,5402240,Murada,Liyuu's Expert,,,https://osu.ppy.sh/beatmapsets/2452068,https://osu.ppy.sh/beatmaps/5402240
osu_api_best,Aimer,SPARK-AGAIN (TV Size),,,1206396,2512373,Nikakis,Reform's Expert,,,https://osu.ppy.sh/beatmapsets/1206396,https://osu.ppy.sh/beatmaps/2512373
osu_api_best,supercell,My Dearest (TV Edit),,,370819,812590,monstrata,Guilt,,,https://osu.ppy.sh/beatmapsets/370819,https://osu.ppy.sh/beatmaps/812590
osu_api_best,Wakana,Flag,,,2386212,5215572,94Neko,Tesla's Insane,,,https://osu.ppy.sh/beatmapsets/2386212,https://osu.ppy.sh/beatmaps/5215572
osu_api_best,ポルノグラフィティ,メリッサ (TV size ver.),Porno Graffitti,Melissa (TV size ver.),423500,915154,Kencho,Melissa,,,https://osu.ppy.sh/beatmapsets/423500,https://osu.ppy.sh/beatmaps/915154
osu_api_best,Icon For Hire,Make a Move (Speed Up Ver.),,,765778,1614054,Sotarks,NiNo's Insane,,,https://osu.ppy.sh/beatmapsets/765778,https://osu.ppy.sh/beatmaps/1614054
osu_api_best,ONE OK ROCK,American Girls (Speed Up Ver.),,,978879,2048477,Sotarks,Expert,,,https://osu.ppy.sh/beatmapsets/978879,https://osu.ppy.sh/beatmaps/2048477
osu_api_best,MOB CHOIR feat. sajou no hana,99.9 (TV Size),,,907400,1898596,Cris-,Leann's Insane,,,https://osu.ppy.sh/beatmapsets/907400,https://osu.ppy.sh/beatmaps/1898596
osu_api_best,Set It Off,Distance Disturbs Me (Cut Ver.),,,2459491,5442337,snyc,Smoke's Obsession,,,https://osu.ppy.sh/beatmapsets/2459491,https://osu.ppy.sh/beatmaps/5442337
osu_api_best,倖田來未,Guess Who Is Back (TV Size),Koda Kumi,,906786,1897577,Sotarks,Nevo's Expert,,,https://osu.ppy.sh/beatmapsets/906786,https://osu.ppy.sh/beatmaps/1897577
osu_api_best,れをる,MONSTER,Reol,,366440,825308,handsome,VINXIS' INSANE,,,https://osu.ppy.sh/beatmapsets/366440,https://osu.ppy.sh/beatmaps/825308
osu_api_best,Mrs. GREEN APPLE,インフェルノ (TV Size),,Inferno (TV Size),999645,2090844,Amandia,Fire Force,,,https://osu.ppy.sh/beatmapsets/999645,https://osu.ppy.sh/beatmaps/2090844
osu_api_best,Set It Off,Horrible Kids,,,1249048,2596018,My Angel Ram,Kuki's Extra,,,https://osu.ppy.sh/beatmapsets/1249048,https://osu.ppy.sh/beatmaps/2596018
osu_api_best,9mm Parabellum Bullet,インフェルノ,,Inferno,482090,1033154,Monstrata,Agonizing Insane,,,https://osu.ppy.sh/beatmapsets/482090,https://osu.ppy.sh/beatmaps/1033154
osu_api_best,LiSA,crossing field,,,68500,198171,Ryafuka,Insane,,,https://osu.ppy.sh/beatmapsets/68500,https://osu.ppy.sh/beatmaps/198171
osu_api_best,THE ORAL CIGARETTES,5150,,,705655,1532288,Kagetsu,Collab Extra,,,https://osu.ppy.sh/beatmapsets/705655,https://osu.ppy.sh/beatmaps/1532288
osu_api_best,ナノ,Bull's Eye (TV Size),nano,,1198327,2495755,Apis035,Extra,,,https://osu.ppy.sh/beatmapsets/1198327,https://osu.ppy.sh/beatmaps/2495755
osu_api_best,Simple Plan,You Suck At Love (Speed Up Ver.),,,819112,1726474,Reform,P4nde's Insane,,,https://osu.ppy.sh/beatmapsets/819112,https://osu.ppy.sh/beatmaps/1726474
osu_api_best,ONE OK ROCK,アンサイズニア,,Answer is near,1110954,2356425,Nevo,kudosu's Insane,,,https://osu.ppy.sh/beatmapsets/1110954,https://osu.ppy.sh/beatmaps/2356425
osu_api_best,senya,感情ケミストリー (Drum 'n' Bass Remix),,Kanjou Chemistry (Drum 'n' Bass Remix),92509,258252,Satellite,Satellite,,,https://osu.ppy.sh/beatmapsets/92509,https://osu.ppy.sh/beatmaps/258252
osu_api_best,藤原千花 (CV: 小原好美),チカっとチカ千花っ♡ (TV Size),Fujiwara Chika (CV: Kohara Konomi),Chikatto Chika Chika (TV Size),921889,1932649,Lami,Hazu's Expert,,,https://osu.ppy.sh/beatmapsets/921889,https://osu.ppy.sh/beatmaps/1932649
